size; duration; mean; reps
10;0.0034826281;3.4826E-5;100
20;0.009214546;9.2145005E-5;100
30;0.022381129;2.23811E-4;100
40;0.040316623;4.03166E-4;100
50;0.048419744;4.84197E-4;100
60;0.055742335;5.57423E-4;100
70;0.07736654;7.7366503E-4;100
80;0.08836483;8.83648E-4;100
90;0.08532668;8.53266E-4;100
100;0.004262084;4.262E-5;100
110;0.003915709;3.9157E-5;100
120;0.0051013753;5.1013E-5;100
130;0.0052063307;5.2063E-5;100
140;0.005848125;5.8481E-5;100
150;0.0067019947;6.7019E-5;100
160;0.13763608;0.0013763601;100
170;0.009481041;9.481E-5;100
180;0.009355667;9.3556E-5;100
190;0.008484252;8.4841995E-5;100
200;0.009439421;9.4393996E-5;100
210;0.007763959;7.7639E-5;100
220;0.011643711;1.16437004E-4;100
230;0.01112096;1.11208996E-4;100
240;0.00968217;9.6821E-5;100
250;0.010850082;1.085E-4;100
260;0.010623333;1.06233E-4;100
270;0.06652145;6.6521403E-4;100
280;0.013718582;1.3718501E-4;100
290;0.013041669;1.3041601E-4;100
300;0.013000883;1.30008E-4;100
310;0.013168453;1.31684E-4;100
320;0.014003589;1.40035E-4;100
330;0.016292043;1.6292E-4;100
340;0.0148237515;1.48237E-4;100
350;0.025107171;2.51071E-4;100
360;0.021309376;2.13093E-4;100
370;0.018403167;1.84031E-4;100
380;0.019215629;1.92156E-4;100
390;0.016869921;1.68699E-4;100
400;0.016765917;1.67659E-4;100
410;0.0203295;2.0329501E-4;100
420;0.03790504;3.7904998E-4;100
430;0.019342836;1.93428E-4;100
440;0.022494877;2.24948E-4;100
450;0.023674583;2.36745E-4;100
460;0.04381583;4.38158E-4;100
470;0.023268495;2.32684E-4;100
480;0.02120292;2.12029E-4;100
490;0.037493877;3.74938E-4;100
500;0.024300996;2.43009E-4;100
510;0.04157983;4.1579801E-4;100
520;0.023462536;2.34625E-4;100
530;0.041780204;4.1780202E-4;100
540;0.0255415;2.5541402E-4;100
550;0.027304832;2.73048E-4;100
560;0.033845328;3.3845298E-4;100
570;0.035823602;3.58235E-4;100
580;0.052990176;5.29901E-4;100
590;0.041107334;4.11073E-4;100
600;0.043665364;4.3665298E-4;100
610;0.05726829;5.72682E-4;100
620;0.031616785;3.16167E-4;100
630;0.030523872;3.05238E-4;100
640;0.029342243;2.9342202E-4;100
650;0.058503754;5.85037E-4;100
660;0.031206166;3.1206102E-4;100
670;0.060049742;6.00497E-4;100
680;0.05691004;5.691E-4;100
690;0.045544706;4.5544698E-4;100
700;0.035370417;3.53704E-4;100
710;0.044357374;4.43573E-4;100
720;0.08778884;8.77888E-4;100
730;0.03362583;3.36258E-4;100
740;0.07096236;7.09623E-4;100
750;0.06776651;6.77665E-4;100
760;0.049912415;4.99124E-4;100
770;0.06255429;6.2554196E-4;100
780;0.074824885;7.4824796E-4;100
790;0.05262453;5.26245E-4;100
800;0.07138362;7.13836E-4;100
810;0.05915079;5.91507E-4;100
820;0.06644695;6.6446903E-4;100
830;0.072339796;7.23397E-4;100
840;0.04592888;4.59288E-4;100
850;0.057252627;5.7252595E-4;100
860;0.03948687;3.94868E-4;100
870;0.06296174;6.2961696E-4;100
880;0.040522415;4.0522398E-4;100
890;0.07761841;7.76184E-4;100
900;0.041055042;4.1055E-4;100
910;0.06272325;6.27232E-4;100
920;0.048583753;4.8583702E-4;100
930;0.059615664;5.96156E-4;100
940;0.05862554;5.86255E-4;100
950;0.05343224;5.34322E-4;100
960;0.06444325;6.4443203E-4;100
970;0.062363964;6.23639E-4;100
980;0.05707008;5.707E-4;100
990;0.05119963;5.11996E-4;100
1000;0.062188335;6.2188297E-4;100
1010;0.053912576;5.39125E-4;100
1020;0.05167395;5.1673903E-4;100
1030;0.060039915;6.0039904E-4;100
1040;0.05537416;5.53741E-4;100
1050;0.05718158;5.71815E-4;100
1060;0.060927745;6.09277E-4;100
1070;0.06836366;6.83636E-4;100
1080;0.058920294;5.89202E-4;100
1090;0.058687124;5.86871E-4;100
1100;0.05597137;5.59713E-4;100
1110;0.056072876;5.60728E-4;100
1120;0.055201042;5.5201E-4;100
1130;0.06974721;6.9747196E-4;100
1140;0.05694979;5.69497E-4;100
1150;0.05678325;5.67832E-4;100
1160;0.057327915;5.7327905E-4;100
1170;0.07669995;7.6699903E-4;100
1180;0.058520667;5.8520597E-4;100
1190;0.058974415;5.8974396E-4;100
1200;0.06484996;6.48499E-4;100
1210;0.068870455;6.88704E-4;100
1220;0.06317367;6.31736E-4;100
1230;0.061780043;6.178E-4;100
1240;0.061543252;6.1543204E-4;100
1250;0.07143396;7.14339E-4;100
1260;0.060243838;6.02438E-4;100
1270;0.060267624;6.0267595E-4;100
1280;0.061931293;6.19312E-4;100
1290;0.0780263;7.80262E-4;100
1300;0.062295668;6.2295597E-4;100
1310;0.06464126;6.46412E-4;100
1320;0.0659055;6.5905397E-4;100
1330;0.07860249;7.86024E-4;100
1340;0.06455212;6.45521E-4;100
1350;0.066834;6.68339E-4;100
1360;0.068710834;6.8710797E-4;100
1370;0.085722;8.57219E-4;100
1380;0.06598684;6.59868E-4;100
1390;0.07253283;7.2532805E-4;100
1400;0.073508754;7.35087E-4;100
1410;0.06902721;6.9027196E-4;100
1420;0.06541583;6.54158E-4;100
1430;0.069205664;6.92056E-4;100
1440;0.077220626;7.72206E-4;100
1450;0.10728513;0.0010728509;100
1460;0.06739533;6.73953E-4;100
1470;0.07136483;7.1364804E-4;100
1480;0.072976165;7.29761E-4;100
1490;0.087275915;8.72759E-4;100
1500;0.07632112;7.63211E-4;100
1510;0.07764153;7.76415E-4;100
1520;0.074229844;7.42298E-4;100
1530;0.092127256;9.21272E-4;100
1540;0.07852621;7.85262E-4;100
1550;0.07610155;7.61015E-4;100
1560;0.07918572;7.91857E-4;100
1570;0.101149246;0.001011492;100
1580;0.07892025;7.89202E-4;100
1590;0.078402035;7.8402E-4;100
1600;0.0770165;7.70165E-4;100
1610;0.10471416;0.0010471409;100
1620;0.09910471;9.91047E-4;100
1630;0.08353212;8.35321E-4;100
1640;0.08388067;8.38806E-4;100
1650;0.10664679;0.001066467;100
1660;0.087319925;8.7319897E-4;100
1670;0.0826275;8.26274E-4;100
1680;0.08330151;8.33015E-4;100
1690;0.08884546;8.8845403E-4;100
1700;0.083500594;8.3500496E-4;100
1710;0.08628433;8.6284295E-4;100
1720;0.08700017;8.7000104E-4;100
1730;0.08488091;8.48809E-4;100
1740;0.10748391;0.001074839;100
1750;0.087133415;8.71334E-4;100
1760;0.089493625;8.9493603E-4;100
1770;0.08644104;8.6440996E-4;100
1780;0.109653;0.00109653;100
1790;0.087010704;8.70107E-4;100
1800;0.09167325;9.16732E-4;100
1810;0.08993467;8.99346E-4;100
1820;0.10879288;0.0010879281;100
1830;0.08890725;8.89072E-4;100
1840;0.09365533;9.36553E-4;100
1850;0.09494825;9.49482E-4;100
1860;0.11485929;0.001148592;100
1870;0.09351479;9.35147E-4;100
1880;0.09028897;9.02889E-4;100
1890;0.0894965;8.94965E-4;100
1900;0.1145637;0.001145637;100
1910;0.118307166;0.001183071;100
1920;0.09572154;9.5721503E-4;100
1930;0.09676105;9.6761E-4;100
1940;0.09748746;9.74874E-4;100
1950;0.11591382;0.0011591379;100
1960;0.10001108;0.0010001101;100
1970;0.10111622;0.0010111621;100
1980;0.097780496;9.77804E-4;100
1990;0.09866834;9.866831E-4;100
2000;0.11353559;0.001135355;100
2010;0.098342955;9.83429E-4;100
2020;0.100028165;0.001000281;100
2030;0.100125834;0.001001258;100
2040;0.10643104;0.00106431;100
2050;0.09987579;9.98757E-4;100
2060;0.102437586;0.001024375;100
2070;0.10471466;0.0010471459;100
2080;0.10258462;0.001025846;100
2090;0.121959165;0.001219591;100
2100;0.10866366;0.001086636;100
2110;0.10503163;0.001050316;100
2120;0.106469676;0.001064696;100
2130;0.116074584;0.001160745;100
2140;0.10594038;0.001059403;100
2150;0.10933729;0.001093372;100
2160;0.10848808;0.00108488;100
2170;0.1163805;0.001163805;100
2180;0.110113375;0.001101133;100
2190;0.11527259;0.001152725;100
2200;0.113355994;0.001133559;100
2210;0.13320787;0.001332078;100
2220;0.11894767;0.001189476;100
2230;0.1170108;0.001170107;100
2240;0.1125547;0.0011255471;100
2250;0.13403934;0.001340393;100
2260;0.11467487;0.001146748;100
2270;0.11562071;0.0011562069;100
2280;0.121117584;0.001211175;100
2290;0.13007584;0.001300758;100
2300;0.13276076;0.0013276071;100
2310;0.13315271;0.001331527;100
2320;0.14656758;0.001465675;100
2330;0.12739807;0.00127398;100
2340;0.12567216;0.001256721;100
2350;0.13503581;0.001350358;100
2360;0.15872;0.0015871989;100
2370;0.121874675;0.001218746;100
2380;0.12054842;0.001205484;100
2390;0.12882859;0.001288285;100
2400;0.1254197;0.001254197;100
2410;0.12465642;0.001246564;100
2420;0.12571278;0.001257127;100
2430;0.14420868;0.001442086;100
2440;0.12514433;0.001251443;100
2450;0.122513495;0.001225134;100
2460;0.12386455;0.0012386449;100
2470;0.13886717;0.001388671;100
2480;0.13242413;0.001324241;100
2490;0.12430941;0.001243094;100
2500;0.15499738;0.001549973;100
2510;0.12740733;0.001274073;100
2520;0.13348617;0.001334861;100
2530;0.13377225;0.001337722;100
2540;0.14213091;0.001421309;100
2550;0.135701;0.00135701;100
2560;0.1428845;0.0014288439;100
2570;0.15293875;0.001529387;100
2580;0.14364749;0.0014364739;100
2590;0.13805349;0.001380535;100
2600;0.14055751;0.0014055739;100
2610;0.1369797;0.001369797;100
2620;0.13903783;0.001390378;100
2630;0.14532208;0.00145322;100
2640;0.15283889;0.001528388;100
2650;0.13712735;0.0013712731;100
2660;0.13896653;0.0013896651;100
2670;0.15703692;0.001570369;100
2680;0.13904591;0.0013904589;100
2690;0.13896617;0.001389661;100
2700;0.14486921;0.0014486919;100
2710;0.14086403;0.0014086401;100
2720;0.14468691;0.001446869;100
2730;0.14157976;0.001415797;100
2740;0.16533045;0.001653304;100
2750;0.14691979;0.001469197;100
2760;0.14506987;0.001450698;100
2770;0.1759426;0.001759425;100
2780;0.14610046;0.001461004;100
2790;0.14032796;0.0014032789;100
2800;0.15288821;0.0015288821;100
2810;0.14765567;0.001476556;100
2820;0.14484933;0.001448493;100
2830;0.14917779;0.0014917769;100
2840;0.15571225;0.001557122;100
2850;0.2798874;0.002798874;100
2860;0.149174;0.00149174;100
2870;0.16789109;0.00167891;100
2880;0.15274408;0.0015274399;100
2890;0.14863454;0.0014863451;100
2900;0.17496899;0.001749689;100
2910;0.15327455;0.001532745;100
2920;0.16891333;0.001689133;100
2930;0.17103392;0.001710339;100
2940;0.16207993;0.001620799;100
2950;0.15908255;0.0015908249;100
2960;0.18481983;0.001848198;100
2970;0.15718558;0.0015718549;100
2980;0.16710138;0.001671013;100
2990;0.17637584;0.0017637579;100
3000;0.15916292;0.001591629;100
3010;0.15902716;0.001590271;100
3020;0.16230126;0.0016230119;100
3030;0.16169992;0.001616999;100
3040;0.16316308;0.0016316299;100
3050;0.1730091;0.00173009;100
3060;0.16781771;0.001678177;100
3070;0.1702494;0.001702494;100
3080;0.17075388;0.001707538;100
3090;0.177672;0.00177672;100
3100;0.17481229;0.0017481219;100
3110;0.17471746;0.0017471741;100
3120;0.18421029;0.001842102;100
3130;0.15855865;0.001585586;100
3140;0.17441496;0.001744149;100
3150;0.16606118;0.001660611;100
3160;0.16786088;0.0016786079;100
3170;0.16093384;0.0016093381;100
3180;0.16678284;0.001667828;100
3190;0.16813271;0.001681327;100
3200;0.17674153;0.0017674151;100
3210;0.17502682;0.0017502679;100
3220;0.17789517;0.001778951;100
3230;0.18300436;0.0018300429;100
3240;0.18444867;0.001844486;100
3250;0.17879471;0.001787947;100
3260;0.19392692;0.0019392689;100
3270;0.1692035;0.001692035;100
3280;0.1755758;0.001755757;100
3290;0.17393938;0.001739393;100
3300;0.17435184;0.001743518;100
3310;0.18776023;0.001877602;100
3320;0.18501009;0.0018501;100
3330;0.19369404;0.00193694;100
3340;0.18045945;0.0018045941;100
3350;0.17960563;0.001796056;100
3360;0.20574427;0.002057442;100
3370;0.17942646;0.001794264;100
3380;0.2093392;0.002093392;100
3390;0.18031351;0.001803134;100
3400;0.18240276;0.0018240269;100
3410;0.1966326;0.001966325;100
3420;0.18410516;0.001841051;100
3430;0.19730793;0.001973079;100
3440;0.18479557;0.0018479549;100
3450;0.18656825;0.001865682;100
3460;0.21162073;0.0021162068;100
3470;0.18864192;0.001886419;100
3480;0.21383263;0.002138326;100
3490;0.1852277;0.0018522771;100
3500;0.23753887;0.0023753878;100
3510;0.20715067;0.002071506;100
3520;0.18644147;0.001864414;100
3530;0.21437408;0.00214374;100
3540;0.19012283;0.001901228;100
3550;0.186638;0.00186638;100
3560;0.20899163;0.002089916;100
3570;0.19503947;0.001950394;100
3580;0.1928505;0.001928504;100
3590;0.20646276;0.002064627;100
3600;0.19126095;0.001912609;100
3610;0.19530441;0.0019530441;100
3620;0.19891831;0.001989183;100
3630;0.19833647;0.0019833639;100
3640;0.22186795;0.002218679;100
3650;0.19826645;0.001982664;100
3660;0.19148254;0.0019148249;100
3670;0.21511854;0.002151185;100
3680;0.19611904;0.00196119;100
3690;0.19646426;0.001964642;100
3700;0.2094426;0.002094425;100
3710;0.19799238;0.001979923;100
3720;0.23010167;0.0023010161;100
3730;0.2028125;0.0020281242;100
3740;0.19737096;0.001973709;100
3750;0.21905203;0.00219052;100
3760;0.19080134;0.001908013;100
3770;0.19363745;0.001936374;100
3780;0.23119405;0.0023119398;100
3790;0.20385014;0.002038501;100
3800;0.21612576;0.002161257;100
3810;0.20383364;0.0020383361;100
3820;0.20601018;0.0020601011;100
3830;0.2385095;0.0023850938;100
3840;0.19470583;0.001947058;100
3850;0.20088692;0.0020088688;100
3860;0.2343654;0.002343654;100
3870;0.19408388;0.001940838;100
3880;0.22427231;0.002242722;100
3890;0.20647733;0.002064773;100
3900;0.20322138;0.002032213;100
3910;0.24053042;0.002405304;100
3920;0.20225996;0.0020225989;100
3930;0.23554033;0.002355403;100
3940;0.20499992;0.002049999;100
3950;0.20926155;0.002092615;100
3960;0.2321433;0.002321432;100
3970;0.21240522;0.002124052;100
3980;0.21410312;0.002141031;100
3990;0.2379649;0.0023796489;100
4000;0.21847945;0.002184794;100
4010;0.25103933;0.0025103928;100
4020;0.21498972;0.0021498972;100
4030;0.21716926;0.002171692;100
4040;0.24035308;0.0024035298;100
4050;0.21845394;0.002184539;100
4060;0.22491047;0.002249104;100
4070;0.20836866;0.0020836862;100
4080;0.21839862;0.002183986;100
4090;0.25545642;0.002554564;100
4100;0.22064829;0.002206482;100
4110;0.24305542;0.002430554;100
4120;0.22775179;0.002277517;100
4130;0.23690304;0.00236903;100
4140;0.20805039;0.002080503;100
4150;0.22253846;0.0022253839;100
4160;0.22219126;0.002221912;100
4170;0.22249353;0.002224935;100
4180;0.22087254;0.002208725;100
4190;0.25322288;0.002532228;100
4200;0.21742402;0.00217424;100
4210;0.22961396;0.002296139;100
4220;0.2224974;0.0022249739;100
4230;0.220855;0.002208549;100
4240;0.23847258;0.002384725;100
4250;0.22851145;0.002285114;100
4260;0.23890543;0.002389054;100
4270;0.21999401;0.00219994;100
4280;0.22030102;0.00220301;100
4290;0.25792587;0.002579258;100
4300;0.2225755;0.002225755;100
4310;0.2543966;0.0025439651;100
4320;0.22487408;0.00224874;100
4330;0.22002168;0.002200216;100
4340;0.24220146;0.002422014;100
4350;0.22016029;0.002201602;100
4360;0.253266;0.002532659;100
4370;0.23550858;0.002355085;100
4380;0.23834026;0.002383402;100
4390;0.22768572;0.002276857;100
4400;0.2255156;0.002255156;100
4410;0.26509988;0.002650998;100
4420;0.24237871;0.002423787;100
4430;0.25091955;0.0025091951;100
4440;0.24059585;0.002405958;100
4450;0.25381422;0.002538142;100
4460;0.2727646;0.002727645;100
4470;0.23342633;0.0023342632;100
4480;0.26188034;0.002618803;100
4490;0.23148099;0.002314809;100
4500;0.23557276;0.002355727;100
4510;0.23768567;0.002376856;100
4520;0.23862047;0.002386204;100
4530;0.26735157;0.0026735151;100
4540;0.24799249;0.002479924;100
4550;0.29592064;0.002959206;100
4560;0.26141593;0.0026141591;100
4570;0.24721205;0.00247212;100
4580;0.23881283;0.002388128;100
4590;0.23758328;0.002375832;100
4600;0.27428845;0.002742884;100
4610;0.2401883;0.0024018819;100
4620;0.26278666;0.002627866;100
4630;0.2452895;0.0024528948;100
4640;0.24304008;0.0024303999;100
4650;0.24614309;0.0024614302;100
4660;0.25052786;0.0025052782;100
4670;0.28348628;0.002834862;100
4680;0.24065459;0.002406545;100
4690;0.27043903;0.00270439;100
4700;0.23977229;0.002397722;100
4710;0.25976357;0.0025976351;100
4720;0.25677842;0.0025677842;100
4730;0.24674696;0.002467469;100
4740;0.2965252;0.002965252;100
4750;0.26186305;0.00261863;100
4760;0.27528456;0.002752845;100
4770;0.24615945;0.002461594;100
4780;0.29062778;0.0029062768;100
4790;0.2534267;0.002534267;100
4800;0.25686738;0.0025686729;100
4810;0.2650885;0.0026508851;100
4820;0.25959203;0.00259592;100
4830;0.2588188;0.002588188;100
4840;0.28926578;0.002892657;100
4850;0.26177117;0.002617711;100
4860;0.2623591;0.00262359;100
4870;0.2633565;0.0026335649;100
4880;0.25724542;0.002572454;100
4890;0.26671398;0.00266714;100
4900;0.28217456;0.002821745;100
4910;0.2648463;0.002648462;100
4920;0.3000718;0.003000717;100
4930;0.27919182;0.002791918;100
4940;0.30296022;0.003029602;100
4950;0.27310804;0.0027310802;100
4960;0.30039486;0.003003948;100
4970;0.27535376;0.002753537;100
4980;0.23751813;0.002375181;100
4990;0.19599612;0.0019599611;100
5000;0.33932394;0.003393239;100
5010;0.25216106;0.0025216101;100
5020;0.31290707;0.0031290702;100
5030;0.2665918;0.002665917;100
5040;0.2961753;0.002961752;100
5050;0.261472;0.00261472;100
5060;0.28569505;0.00285695;100
5070;0.2778063;0.0027780621;100
5080;0.27440077;0.0027440072;100
5090;0.28621444;0.002862144;100
5100;0.27089548;0.002708954;100
5110;0.28286597;0.002828659;100
5120;0.27984002;0.0027984;100
5130;0.30019915;0.003001991;100
5140;0.273448;0.002734479;100
5150;0.29766786;0.0029766778;100
5160;0.26975024;0.0026975018;100
5170;0.29272997;0.0029272991;100
5180;0.27076536;0.002707653;100
5190;0.3160443;0.0031604432;100
5200;0.27546158;0.0027546152;100
5210;0.30712703;0.003071269;100
5220;0.2818869;0.0028188692;100
5230;0.26658726;0.002665872;100
5240;0.28875574;0.002887557;100
5250;0.28692767;0.002869276;100
5260;0.3198706;0.003198705;100
5270;0.2843201;0.0028432;100
5280;0.31983018;0.0031983012;100
5290;0.28637958;0.002863795;100
5300;0.3195586;0.003195585;100
5310;0.28384793;0.0028384791;100
5320;0.31403968;0.0031403962;100
5330;0.26547515;0.002654751;100
5340;0.3419821;0.00341982;100
5350;0.29647112;0.002964711;100
5360;0.41919205;0.0041919197;100
5370;0.32897642;0.0032897638;100
5380;0.32121006;0.0032121001;100
5390;0.29783615;0.002978361;100
5400;0.32978684;0.003297868;100
5410;0.288866;0.00288866;100
5420;0.3296429;0.003296428;100
5430;0.2827712;0.002827712;100
5440;0.32094908;0.00320949;100
5450;0.30226788;0.003022678;100
5460;0.33441037;0.003344103;100
5470;0.27469942;0.002746994;100
5480;0.3226836;0.003226835;100
5490;0.29285997;0.002928599;100
5500;0.3262041;0.00326204;100
5510;0.2818105;0.002818104;100
5520;0.32651904;0.00326519;100
5530;0.2936618;0.002936617;100
5540;0.32256296;0.003225629;100
5550;0.31396592;0.0031396588;100
5560;0.33466157;0.003346615;100
5570;0.3387175;0.003387175;100
5580;0.32395434;0.003239543;100
5590;0.2958156;0.002958155;100
5600;0.33232418;0.0033232418;100
5610;0.31013966;0.0031013961;100
5620;0.3258378;0.003258377;100
5630;0.29853117;0.002985312;100
5640;0.34779933;0.003477993;100
5650;0.31119254;0.003111925;100
5660;0.34443957;0.003444395;100
5670;0.34477487;0.003447748;100
5680;0.3154705;0.003154705;100
5690;0.28189254;0.0028189248;100
5700;0.33465603;0.00334656;100
5710;0.3083307;0.003083307;100
5720;0.3376872;0.003376872;100
5730;0.31190908;0.00311909;100
5740;0.3301007;0.003301006;100
5750;0.30516556;0.0030516551;100
5760;0.3366484;0.0033664838;100
5770;0.32204217;0.003220421;100
5780;0.3296618;0.003296617;100
5790;0.3000852;0.003000851;100
5800;0.3247318;0.0032473172;100
5810;0.31991693;0.003199169;100
5820;0.3474531;0.00347453;100
5830;0.31420243;0.003142024;100
5840;0.3585265;0.0035852639;100
5850;0.3222287;0.003222287;100
5860;0.33726022;0.003372602;100
5870;0.3125282;0.003125282;100
5880;0.34718564;0.003471856;100
5890;0.3073815;0.0030738139;100
5900;0.34688804;0.00346888;100
5910;0.30285272;0.0030285271;100
5920;0.35832158;0.003583215;100
5930;0.32544896;0.003254489;100
5940;0.36359295;0.0036359292;100
5950;0.30991447;0.003099144;100
5960;0.3374884;0.003374884;100
5970;0.30677778;0.003067777;100
5980;0.35894048;0.003589404;100
5990;0.307893;0.003078929;100
6000;0.35400316;0.003540031;100
6010;0.3323728;0.0033237268;100
6020;0.36892867;0.003689286;100
6030;0.3254514;0.003254514;100
6040;0.32959363;0.0032959362;100
6050;0.34565547;0.003456554;100
6060;0.3227844;0.003227843;100
6070;0.3447591;0.0034475902;100
6080;0.33312425;0.0033312421;100
6090;0.38949192;0.0038949188;100
6100;0.32324675;0.003232467;100
6110;0.34039778;0.003403977;100
6120;0.33109128;0.0033109118;100
6130;0.3771658;0.003771657;100
6140;0.33759665;0.003375966;100
6150;0.35901138;0.003590113;100
6160;0.33660012;0.003366001;100
6170;0.38095963;0.003809596;100
6180;0.34278214;0.003427821;100
6190;0.36119148;0.0036119139;100
6200;0.33041915;0.0033041912;100
6210;0.3603544;0.003603544;100
6220;0.33661756;0.0033661749;100
6230;0.33753887;0.003375388;100
6240;0.33321175;0.003332117;100
6250;0.33732748;0.003373274;100
6260;0.36593762;0.003659376;100
6270;0.34122184;0.003412218;100
6280;0.3804326;0.003804326;100
6290;0.3277379;0.0032773782;100
6300;0.36951986;0.003695198;100
6310;0.34055844;0.003405584;100
6320;0.37584445;0.003758444;100
6330;0.33679298;0.003367929;100
6340;0.37625986;0.0037625981;100
6350;0.34309545;0.003430954;100
6360;0.3900187;0.003900187;100
6370;0.41290078;0.004129007;100
6380;0.35498175;0.003549817;100
6390;0.3981996;0.003981995;100
6400;0.35554618;0.0035554608;100
6410;0.38693887;0.003869388;100
6420;0.35547408;0.00355474;100
6430;0.3866049;0.003866049;100
6440;0.34568563;0.0034568561;100
6450;0.4025876;0.004025875;100
6460;0.35835114;0.003583511;100
6470;0.38182205;0.00381822;100
6480;0.39975113;0.0039975108;100
6490;0.37813026;0.003781302;100
6500;0.39740556;0.003974055;100
6510;0.4355216;0.004355215;100
6520;0.39621726;0.003962172;100
6530;0.36450094;0.0036450091;100
6540;0.3393021;0.00339302;100
6550;0.3638847;0.0036388459;100
6560;0.35954607;0.00359546;100
6570;0.5064383;0.005064383;100
6580;0.3830074;0.003830074;100
6590;0.39034498;0.003903449;100
6600;0.4242726;0.0042427247;100
6610;0.36387837;0.003638783;100
6620;0.40330675;0.0040330673;100
6630;0.3628083;0.003628082;100
6640;0.40713835;0.004071383;100
6650;0.3456283;0.003456282;100
6660;0.39120966;0.003912096;100
6670;0.34918702;0.00349187;100
6680;0.39377058;0.003937705;100
6690;0.38541543;0.0038541541;100
6700;0.41137686;0.004113768;100
6710;0.41563332;0.004156333;100
6720;0.44880098;0.00448801;100
6730;0.39326507;0.00393265;100
6740;0.40940306;0.00409403;100
6750;0.38684508;0.00386845;100
6760;0.39020568;0.003902057;100
6770;0.35873187;0.003587318;100
6780;0.38528386;0.003852838;100
6790;0.3736575;0.003736575;100
6800;0.4011214;0.004011214;100
6810;0.36637643;0.003663764;100
6820;0.38277018;0.003827701;100
6830;0.37652436;0.003765243;100
6840;0.41883573;0.004188357;100
6850;0.3739161;0.00373916;100
6860;0.37370527;0.003737052;100
6870;0.38182792;0.0038182791;100
6880;0.35102463;0.003510246;100
6890;0.3924342;0.003924342;100
6900;0.36113945;0.003611394;100
6910;0.37169817;0.003716981;100
6920;0.3511495;0.0035114952;100
6930;0.36663342;0.0036663339;100
6940;0.38047364;0.0038047358;100
6950;0.39722452;0.003972245;100
6960;0.3576798;0.003576797;100
6970;0.39753905;0.00397539;100
6980;0.37131345;0.003713134;100
6990;0.4037417;0.004037417;100
7000;0.3664864;0.003664864;100
7010;0.38058856;0.003805885;100
7020;0.38331926;0.0038331922;100
7030;0.42683724;0.004268372;100
7040;0.38030383;0.0038030378;100
7050;0.42771104;0.00427711;100
7060;0.35643497;0.003564349;100
7070;0.40709293;0.0040709293;100
7080;0.35916263;0.003591626;100
7090;0.4034469;0.004034469;100
7100;0.36027434;0.003602743;100
7110;0.41813958;0.0041813953;100
7120;0.37607026;0.003760702;100
7130;0.42045322;0.004204532;100
7140;0.37485328;0.0037485322;100
7150;0.3968329;0.003968329;100
7160;0.38193014;0.0038193008;100
7170;0.40951595;0.004095159;100
7180;0.39456674;0.003945667;100
7190;0.37527433;0.003752743;100
7200;0.406651;0.00406651;100
7210;0.38108075;0.003810807;100
7220;0.4394011;0.00439401;100
7230;0.40452605;0.00404526;100
7240;0.39294648;0.003929464;100
7250;0.4346928;0.004346927;100
7260;0.39415604;0.00394156;100
7270;0.37916622;0.003791662;100
7280;0.41309887;0.004130988;100
7290;0.3926835;0.003926834;100
7300;0.42971733;0.004297173;100
7310;0.4394628;0.004394627;100
7320;0.40338302;0.00403383;100
7330;0.42668682;0.0042668683;100
7340;0.37720862;0.003772086;100
7350;0.45555294;0.004555529;100
7360;0.43445346;0.004344534;100
7370;0.4005043;0.004005042;100
7380;0.4696996;0.0046969946;100
7390;0.3851987;0.003851986;100
7400;0.46461362;0.004646136;100
7410;0.4678274;0.004678274;100
7420;0.43805;0.004380499;100
7430;0.4589;0.004588999;100
7440;0.45394927;0.004539492;100
7450;0.44135946;0.0044135936;100
7460;0.40313092;0.004031309;100
7470;0.43823314;0.004382331;100
7480;0.4299027;0.004299027;100
7490;0.40067893;0.004006789;100
7500;0.44274732;0.004427473;100
7510;0.3910112;0.0039101117;100
7520;0.45827943;0.0045827944;100
7530;0.4102145;0.004102144;100
7540;0.43201435;0.0043201433;100
7550;0.3968142;0.003968142;100
7560;0.4043021;0.00404302;100
7570;0.47908497;0.004790849;100
7580;0.4090861;0.004090861;100
7590;0.4444215;0.004444215;100
7600;0.4098579;0.004098579;100
7610;0.43892154;0.004389215;100
7620;0.40808412;0.004080841;100
7630;0.41581726;0.0041581723;100
7640;0.46099105;0.00460991;100
7650;0.403466;0.004034659;100
7660;0.41260633;0.004126063;100
7670;0.38696507;0.00386965;100
7680;0.44164374;0.0044164374;100
7690;0.39859286;0.003985928;100
7700;0.3966312;0.003966312;100
7710;0.4460295;0.004460295;100
7720;0.39579573;0.003957957;100
7730;0.44526094;0.004452609;100
7740;0.410578;0.0041057803;100
7750;0.4168876;0.004168876;100
7760;0.4513358;0.0045133573;100
7770;0.4050711;0.004050711;100
7780;0.46159205;0.00461592;100
7790;0.4218575;0.004218574;100
7800;0.4589559;0.004589559;100
7810;0.44366267;0.004436626;100
7820;0.4227677;0.004227677;100
7830;0.46880677;0.004688067;100
7840;0.41415983;0.0041415966;100
7850;0.46518183;0.004651818;100
7860;0.4357847;0.0043578474;100
7870;0.4180353;0.004180352;100
7880;0.4726473;0.004726472;100
7890;0.43257573;0.004325757;100
7900;0.4757124;0.004757124;100
7910;0.43004346;0.004300434;100
7920;0.47538087;0.004753808;100
7930;0.46156314;0.004615631;100
7940;0.41113865;0.004111386;100
7950;0.45368344;0.0045368336;100
7960;0.41646397;0.004164639;100
7970;0.453665;0.004536649;100
7980;0.4282033;0.004282032;100
7990;0.4114005;0.0041140043;100
8000;0.48649904;0.0048649902;100
8010;0.4293862;0.004293862;100
8020;0.48093748;0.004809374;100
8030;0.48012027;0.0048012016;100
8040;0.44935575;0.004493557;100
8050;0.48335996;0.004833599;100
8060;0.44030118;0.004403011;100
8070;0.4796949;0.0047969487;100
8080;0.42782992;0.004278299;100
8090;0.40638235;0.0040638233;100
8100;0.46093917;0.004609391;100
8110;0.4567668;0.004567668;100
8120;0.4885247;0.0048852474;100
8130;0.4191422;0.004191421;100
8140;0.43182403;0.00431824;100
8150;0.48671687;0.004867168;100
8160;0.4806859;0.004806858;100
8170;0.46540245;0.0046540243;100
8180;0.4338723;0.004338723;100
8190;0.4323615;0.0043236143;100
8200;0.49731877;0.004973187;100
8210;0.44087213;0.004408721;100
8220;0.5177199;0.005177199;100
8230;0.47487032;0.004748703;100
8240;0.4301927;0.004301927;100
8250;0.521364;0.005213639;100
8260;0.42728344;0.004272834;100
8270;0.4858853;0.004858852;100
8280;0.45739472;0.004573947;100
8290;0.45854732;0.004585473;100
8300;0.49055624;0.004905562;100
8310;0.45373085;0.004537308;100
8320;0.4680409;0.004680409;100
8330;0.4825277;0.004825276;100
8340;0.43915385;0.004391538;100
8350;0.48663628;0.004866362;100
8360;0.44968587;0.004496858;100
8370;0.5037171;0.00503717;100
8380;0.5012273;0.005012272;100
8390;0.44359985;0.004435998;100
8400;0.50245047;0.0050245044;100
8410;0.4584072;0.004584072;100
8420;0.43191123;0.004319112;100
8430;0.49452943;0.004945294;100
8440;0.46437111;0.0046437113;100
8450;0.51584417;0.005158441;100
8460;0.49483973;0.004948397;100
8470;0.45072758;0.0045072753;100
8480;0.48674574;0.004867457;100
8490;0.45431444;0.0045431443;100
8500;0.54124016;0.005412401;100
8510;0.49042147;0.004904214;100
8520;0.45928434;0.004592843;100
8530;0.50283885;0.005028388;100
8540;0.4717287;0.004717287;100
8550;0.44876698;0.004487669;100
8560;0.5173014;0.005173013;100
8570;0.46325025;0.004632502;100
8580;0.47687334;0.004768733;100
8590;0.46318913;0.004631891;100
8600;0.44695014;0.004469501;100
8610;0.5078728;0.0050787283;100
8620;0.44420478;0.0044420473;100
8630;0.42694488;0.004269449;100
8640;0.48866576;0.0048866575;100
8650;0.45800665;0.004580066;100
8660;0.5174161;0.005174161;100
8670;0.4613614;0.004613614;100
8680;0.4550628;0.0045506284;100
8690;0.5209975;0.005209974;100
8700;0.46178824;0.004617882;100
8710;0.48550785;0.004855078;100
8720;0.49939135;0.004993913;100
8730;0.4748397;0.004748396;100
8740;0.5082892;0.005082892;100
8750;0.48041674;0.004804167;100
8760;0.44684124;0.004468412;100
8770;0.520566;0.0052056587;100
8780;0.4891435;0.004891434;100
8790;0.49070176;0.004907017;100
8800;0.57641214;0.005764121;100
8810;0.5132632;0.005132632;100
8820;0.5131316;0.0051313154;100
8830;0.5136966;0.0051369662;100
8840;0.48049164;0.0048049157;100
8850;0.8748601;0.0087486;100
8860;0.5049296;0.0050492957;100
8870;0.47330225;0.0047330223;100
8880;0.5037544;0.005037544;100
8890;0.4684373;0.004684372;100
8900;0.5491178;0.005491177;100
8910;0.5117287;0.005117287;100
8920;0.47164342;0.004716434;100
8930;0.51293975;0.005129397;100
8940;0.51674044;0.005167404;100
8950;0.4999604;0.0049996027;100
8960;0.5263233;0.005263232;100
8970;0.5335076;0.005335075;100
8980;0.46337867;0.004633786;100
8990;0.54165924;0.005416592;100
9000;0.47877765;0.004787776;100
9010;0.47063628;0.004706362;100
9020;0.51784164;0.0051784157;100
9030;0.48874015;0.004887401;100
9040;0.5485231;0.005485231;100
9050;0.5367377;0.005367376;100
9060;0.47082892;0.004708289;100
9070;0.52526855;0.005252685;100
9080;0.51497024;0.005149702;100
9090;0.51228833;0.005122883;100
9100;0.53763074;0.005376307;100
9110;0.503278;0.00503278;100
9120;0.48394403;0.00483944;100
9130;0.5328139;0.005328139;100
9140;0.5032163;0.005032163;100
9150;0.47900665;0.004790066;100
9160;0.5336665;0.005336665;100
9170;0.4845926;0.0048459247;100
9180;0.5434455;0.005434455;100
9190;0.524503;0.005245029;100
9200;0.4688866;0.004688866;100
9210;0.5192714;0.005192713;100
9220;0.50698936;0.005069893;100
9230;0.50252235;0.005025223;100
9240;0.5250981;0.005250981;100
9250;0.50451803;0.0050451797;100
9260;0.47529447;0.004752944;100
9270;0.51623034;0.005162303;100
9280;0.56738585;0.0056738583;100
9290;0.5092873;0.0050928723;100
9300;0.53266627;0.005326662;100
9310;0.55086225;0.005508622;100
9320;0.499237;0.00499237;100
9330;0.51720446;0.0051720436;100
9340;0.49835446;0.004983544;100
9350;0.48953423;0.004895342;100
9360;0.5412054;0.0054120533;100
9370;0.52475125;0.005247512;100
9380;0.505491;0.00505491;100
9390;0.53174675;0.0053174673;100
9400;0.48551506;0.0048551504;100
9410;0.49983066;0.004998306;100
9420;0.55318516;0.0055318507;100
9430;0.4800521;0.004800521;100
9440;0.561619;0.005616189;100
9450;0.5407797;0.0054077967;100
9460;0.49741185;0.0049741184;100
9470;0.55184156;0.005518415;100
9480;0.57203573;0.005720357;100
9490;0.53075;0.005307499;100
9500;0.5942409;0.005942408;100
9510;0.5503418;0.005503418;100
9520;0.5091967;0.005091966;100
9530;0.56281483;0.005628148;100
9540;0.5212464;0.005212464;100
9550;0.5123128;0.005123127;100
9560;0.56627923;0.0056627924;100
9570;0.54736286;0.005473628;100
9580;0.50632;0.005063199;100
9590;0.57185066;0.005718506;100
9600;0.5364969;0.005364968;100
9610;0.5143856;0.005143855;100
9620;0.5405122;0.005405122;100
9630;0.58229095;0.005822909;100
9640;0.5096443;0.005096443;100
9650;0.5783751;0.00578375;100
9660;0.54461557;0.005446155;100
9670;0.52354157;0.005235415;100
9680;0.5714254;0.005714253;100
9690;0.57510966;0.005751097;100
9700;0.5316089;0.005316088;100
9710;0.53796184;0.005379618;100
9720;0.53989327;0.005398932;100
9730;0.51166415;0.005116641;100
9740;0.5054589;0.005054588;100
9750;0.5424494;0.005424494;100
9760;0.53491175;0.005349117;100
9770;0.5337051;0.005337051;100
9780;0.58184415;0.005818441;100
9790;0.5206488;0.005206488;100
9800;0.5294;0.0052939993;100
9810;0.574007;0.00574007;100
9820;0.50408167;0.005040816;100
9830;0.5217896;0.005217896;100
9840;0.57849634;0.0057849633;100
9850;0.5326741;0.00532674;100
9860;0.52729505;0.00527295;100
9870;0.58643866;0.005864386;100
9880;0.53748375;0.0053748367;100
9890;0.5333481;0.00533348;100
9900;0.5859555;0.005859554;100
9910;0.5801713;0.005801712;100
9920;0.5089879;0.005089879;100
9930;0.57103276;0.005710327;100
9940;0.5817936;0.005817935;100
9950;0.53009063;0.005300906;100
9960;0.73503363;0.007350335;100
9970;0.5647137;0.0056471373;100
9980;0.5400773;0.005400773;100
9990;0.5835241;0.00583524;100
10000;0.5935737;0.005935737;100
10010;0.5423838;0.0054238373;100
10020;0.5277946;0.005277945;100
10030;0.5697783;0.005697783;100
10040;0.54225403;0.00542254;100
10050;0.56571573;0.005657157;100
10060;0.6032847;0.006032847;100
10070;0.5385175;0.005385174;100
10080;0.5344962;0.0053449622;100
10090;0.593954;0.00593954;100
10100;0.6309147;0.006309147;100
10110;0.6040277;0.006040277;100
10120;0.57587516;0.0057587516;100
10130;0.5517547;0.005517547;100
10140;0.54664683;0.0054664677;100
10150;0.5489175;0.0054891747;100
10160;0.59498364;0.0059498358;100
10170;0.58299315;0.005829931;100
10180;0.5485392;0.005485392;100
10190;0.61271644;0.006127164;100
10200;0.5743783;0.005743783;100
10210;0.5689293;0.0056892927;100
10220;0.6020667;0.006020667;100
10230;0.58669454;0.005866945;100
10240;0.5493561;0.005493561;100
10250;0.59960485;0.005996048;100
10260;0.58122295;0.005812229;100
10270;0.5764729;0.005764729;100
10280;0.55829334;0.005582933;100
10290;0.60092926;0.0060092923;100
10300;0.6143712;0.006143711;100
10310;0.54591316;0.0054591307;100
10320;0.59653467;0.005965346;100
10330;0.57913226;0.0057913223;100
10340;0.5521337;0.005521336;100
10350;0.55296767;0.005529676;100
10360;0.618393;0.0061839297;100
10370;0.5676495;0.005676494;100
10380;0.5561516;0.0055615157;100
10390;0.62178123;0.006217812;100
10400;0.62951654;0.006295165;100
10410;0.5810839;0.005810838;100
10420;0.62337244;0.0062337243;100
10430;0.613211;0.00613211;100
10440;0.55907995;0.005590799;100
10450;0.5645585;0.0056455843;100
10460;0.6239521;0.00623952;100
10470;0.58181137;0.0058181128;100
10480;0.55241096;0.005524109;100
10490;0.618155;0.00618155;100
10500;0.5483669;0.005483668;100
10510;0.5899187;0.005899187;100
10520;0.5892429;0.005892428;100
10530;0.5608529;0.0056085293;100
10540;0.6120848;0.006120848;100
10550;0.59466887;0.0059466884;100
10560;0.56884855;0.005688485;100
10570;0.6119368;0.006119368;100
10580;0.58424294;0.005842429;100
10590;0.56837;0.005683699;100
10600;0.7241514;0.0072415126;100
10610;0.70726717;0.007072671;100
10620;0.6298503;0.006298503;100
10630;0.7385423;0.007385422;100
10640;0.61016476;0.006101647;100
10650;0.57829994;0.005782998;100
10660;0.6249127;0.006249126;100
10670;0.63429546;0.006342955;100
10680;0.5934137;0.005934137;100
10690;0.617429;0.006174289;100
10700;0.5754984;0.005754984;100
10710;0.5548151;0.005548151;100
10720;0.627929;0.006279289;100
10730;0.61591667;0.006159166;100
10740;0.5568227;0.005568227;100
10750;0.6214679;0.0062146788;100
10760;0.6834866;0.006834865;100
10770;0.57896936;0.005789693;100
10780;0.62499577;0.0062499573;100
10790;0.6018956;0.0060189553;100
10800;0.6503212;0.006503211;100
10810;0.6457326;0.006457326;100
10820;0.5842868;0.005842867;100
10830;0.63053906;0.00630539;100
10840;0.6415209;0.006415209;100
10850;0.64280605;0.00642806;100
10860;0.5731732;0.005731732;100
10870;0.61814106;0.00618141;100
10880;0.64223015;0.006422301;100
10890;0.62067556;0.006206755;100
10900;0.6283338;0.006283338;100
10910;0.5662174;0.0056621744;100
10920;0.66345817;0.006634581;100
10930;0.65241754;0.006524175;100
10940;0.5951961;0.00595196;100
10950;0.596272;0.00596272;100
10960;0.6846927;0.006846926;100
10970;0.6460387;0.0064603873;100
10980;0.6241955;0.006241955;100
10990;0.5899966;0.0058999658;100
11000;0.58221036;0.005822103;100
11010;0.6390503;0.006390503;100
11020;0.6278081;0.006278081;100
11030;0.6260735;0.006260735;100
11040;0.5989055;0.005989055;100
11050;0.6450575;0.006450574;100
11060;0.6369423;0.006369423;100
11070;0.62405294;0.006240529;100
11080;0.5793483;0.005793483;100
11090;0.59001666;0.005900166;100
11100;0.6562699;0.0065626986;100
11110;0.65605044;0.006560504;100
11120;0.6220211;0.00622021;100
11130;0.60398763;0.006039875;100
11140;0.68098646;0.006809864;100
11150;0.75782585;0.007578258;100
11160;0.6842861;0.006842861;100
11170;0.68725395;0.006872539;100
11180;0.6691814;0.006691813;100
11190;0.6770486;0.006770486;100
11200;0.6329565;0.006329565;100
11210;0.64876276;0.006487627;100
11220;0.6684137;0.006684136;100
11230;0.6210368;0.006210368;100
11240;0.6102915;0.006102914;100
11250;0.6941493;0.006941493;100
11260;0.67351836;0.006735184;100
11270;0.60805744;0.006080573;100
11280;0.59849125;0.0059849117;100
11290;0.67397887;0.006739788;100
11300;0.67507994;0.0067507992;100
11310;0.5988179;0.005988178;100
11320;0.6222012;0.006222012;100
11330;0.66747504;0.00667475;100
11340;0.6700078;0.006700078;100
11350;0.5909627;0.005909627;100
11360;0.65555733;0.006555572;100
11370;0.6789679;0.0067896782;100
11380;0.6882797;0.006882797;100
11390;0.63514215;0.0063514207;100
11400;0.7108661;0.0071086613;100
11410;0.6870471;0.00687047;100
11420;0.6862537;0.006862537;100
11430;0.6183969;0.006183968;100
11440;0.6888354;0.0068883537;100
11450;0.6687046;0.006687046;100
11460;0.6626622;0.0066266223;100
11470;0.61993575;0.006199357;100
11480;0.71009123;0.0071009123;100
11490;0.82703924;0.008270392;100
11500;0.61834186;0.006183418;100
11510;0.58621323;0.005862132;100
11520;0.6674576;0.0066745756;100
11530;0.67139256;0.006713925;100
11540;0.61702096;0.006170209;100
11550;0.6941793;0.006941793;100
11560;0.67561656;0.006756165;100
11570;0.646611;0.006466109;100
11580;0.6160868;0.0061608683;100
11590;0.68058693;0.0068058693;100
11600;0.70208204;0.00702082;100
11610;0.6137447;0.006137447;100
11620;0.6776652;0.006776651;100
11630;0.7025877;0.007025877;100
11640;0.5983247;0.005983247;100
11650;0.6717395;0.006717395;100
11660;0.6786266;0.006786265;100
11670;0.6858836;0.006858835;100
11680;0.60422814;0.006042281;100
11690;0.6954289;0.006954288;100
11700;0.6863099;0.006863099;100
11710;0.6518316;0.006518316;100
11720;0.71310747;0.007131074;100
11730;0.67888683;0.006788868;100
11740;0.64445597;0.00644456;100
11750;0.64403725;0.006440372;100
11760;0.68171895;0.006817189;100
11770;0.68579715;0.006857971;100
11780;0.6323163;0.006323162;100
11790;0.7084856;0.007084855;100
11800;0.68674123;0.006867411;100
11810;0.63988274;0.0063988273;100
11820;0.67920184;0.0067920177;100
11830;0.6743679;0.006743679;100
11840;0.7114013;0.007114012;100
11850;0.6548204;0.006548203;100
11860;0.69086766;0.006908676;100
11870;0.6953687;0.0069536874;100
11880;0.63991654;0.0063991654;100
11890;0.68257624;0.006825762;100
11900;0.67738926;0.006773892;100
11910;0.6291758;0.0062917573;100
11920;0.6109319;0.006109319;100
11930;0.712019;0.00712019;100
11940;0.6796571;0.00679657;100
11950;0.65479267;0.006547926;100
11960;0.7074326;0.007074326;100
11970;0.68180376;0.006818037;100
11980;0.62850946;0.0062850937;100
11990;0.64523995;0.006452399;100
12000;0.7113662;0.0071136607;100
12010;0.69783485;0.006978348;100
12020;0.65871525;0.006587152;100
12030;0.6785395;0.006785395;100
12040;0.72486603;0.00724866;100
12050;0.69563925;0.006956392;100
12060;0.6461223;0.006461222;100
12070;0.67290395;0.0067290394;100
12080;0.716173;0.007161729;100
12090;0.62971157;0.006297115;100
12100;0.71863323;0.0071863323;100
12110;0.71397984;0.0071397983;100
12120;0.6776004;0.0067760027;100
12130;0.6516646;0.006516646;100
12140;0.721071;0.007210709;100
12150;0.7128002;0.007128002;100
12160;0.67672116;0.006767211;100
12170;0.6898596;0.006898596;100
12180;0.70202065;0.007020205;100
12190;0.71148837;0.007114883;100
12200;0.67865855;0.006786585;100
12210;0.7513477;0.007513477;100
12220;0.72491884;0.007249188;100
12230;0.6530239;0.0065302392;100
12240;0.6491179;0.006491179;100
12250;0.7564682;0.007564682;100
12260;0.6990006;0.006990006;100
12270;0.7074059;0.007074059;100
12280;0.6536322;0.0065363212;100
12290;0.89651424;0.008965142;100
12300;0.7186995;0.007186995;100
12310;0.65517926;0.006551792;100
12320;0.6933964;0.006933963;100
12330;0.6939298;0.006939297;100
12340;0.72561234;0.0072561232;100
12350;0.65063083;0.006506308;100
12360;0.71537316;0.007153732;100
12370;0.7263372;0.0072633717;100
12380;0.7204657;0.007204657;100
12390;0.6740071;0.006740071;100
12400;0.69861716;0.0069861724;100
12410;0.71852523;0.0071852524;100
12420;0.68954146;0.006895414;100
12430;0.64280254;0.0064280247;100
12440;0.7340488;0.007340487;100
12450;0.71989244;0.007198924;100
12460;0.67452425;0.006745242;100
12470;0.7005686;0.007005685;100
12480;0.7484412;0.0074844123;100
12490;0.73512584;0.007351258;100
12500;0.6703041;0.006703041;100
12510;0.7250676;0.007250676;100
12520;0.75172913;0.0075172912;100
12530;0.7073328;0.007073327;100
12540;0.67305005;0.0067305;100
12550;0.6846547;0.006846547;100
12560;0.72680926;0.007268092;100
12570;0.72289747;0.007228974;100
12580;0.65769225;0.006576922;100
12590;0.7454743;0.0074547417;100
12600;0.73168665;0.007316866;100
12610;0.6411016;0.006411016;100
12620;0.67714745;0.0067714737;100
12630;0.73419017;0.007341902;100
12640;0.70916396;0.007091639;100
12650;0.6744539;0.006744538;100
12660;0.66796654;0.0066796653;100
12670;0.77126;0.0077126003;100
12680;0.760071;0.007600709;100
12690;0.7102556;0.0071025547;100
12700;0.7521727;0.007521727;100
12710;0.73615855;0.0073615853;100
12720;0.72174907;0.00721749;100
12730;0.70119846;0.007011984;100
12740;0.7308719;0.0073087183;100
12750;0.6995756;0.006995756;100
12760;0.76000893;0.007600088;100
12770;0.6694796;0.006694796;100
12780;0.7338568;0.007338568;100
12790;0.71898186;0.0071898187;100
12800;0.7556035;0.007556035;100
12810;0.66131747;0.006613174;100
12820;0.7381288;0.007381287;100
12830;0.74807215;0.007480721;100
12840;0.72731197;0.007273119;100
12850;0.6762888;0.006762887;100
12860;0.72366476;0.007236647;100
12870;0.7342205;0.007342205;100
12880;0.7542993;0.007542992;100
12890;0.67802846;0.006780284;100
12900;0.7464953;0.007464952;100
12910;0.7763552;0.007763552;100
12920;0.721437;0.007214369;100
12930;0.7027698;0.007027698;100
12940;0.74289316;0.007428932;100
12950;0.75469947;0.0075469944;100
12960;0.7627453;0.007627452;100
12970;0.7049732;0.007049731;100
12980;0.761045;0.0076104486;100
12990;0.7878845;0.007878844;100
13000;0.7511678;0.007511678;100
13010;0.7309837;0.007309836;100
13020;0.67774934;0.006777493;100
13030;0.7674102;0.0076741017;100
13040;0.79067636;0.007906763;100
13050;0.7058693;0.007058693;100
13060;0.6789184;0.006789184;100
13070;0.79686034;0.007968603;100
13080;0.75659406;0.00756594;100
13090;0.80353904;0.00803539;100
13100;0.75100946;0.007510094;100
13110;0.7787928;0.007787927;100
13120;0.79121655;0.0079121655;100
13130;0.71145767;0.0071145757;100
13140;0.70938516;0.007093851;100
13150;0.82465297;0.008246529;100
13160;0.83885616;0.008388561;100
13170;0.7528996;0.007528995;100
13180;0.7061294;0.0070612943;100
13190;0.8396928;0.008396927;100
13200;0.73709923;0.007370992;100
13210;0.7500511;0.00750051;100
13220;0.6950915;0.006950915;100
13230;0.7042904;0.007042904;100
13240;0.77578837;0.007757884;100
13250;0.7437098;0.007437097;100
13260;0.7912285;0.007912284;100
13270;0.70760375;0.007076037;100
13280;0.7942473;0.007942472;100
13290;0.771982;0.00771982;100
13300;0.7625533;0.0076255323;100
13310;0.71046567;0.007104657;100
13320;0.7620993;0.007620993;100
13330;0.75175625;0.007517562;100
13340;0.7985714;0.007985714;100
13350;0.6922004;0.0069220043;100
13360;0.70896524;0.007089652;100
13370;0.9367521;0.00936752;100
13380;0.78159535;0.0078159515;100
13390;0.7600496;0.0076004947;100
13400;0.7355973;0.0073559727;100
13410;0.81169134;0.008116913;100
13420;0.7777446;0.007777445;100
13430;0.79883534;0.007988352;100
13440;0.7235675;0.0072356747;100
13450;0.780502;0.00780502;100
13460;0.81609493;0.008160949;100
13470;0.77141744;0.0077141738;100
13480;0.809715;0.0080971485;100
13490;0.84472436;0.008447243;100
13500;0.8474691;0.008474692;100
13510;0.795132;0.007951319;100
13520;0.80573285;0.008057328;100
13530;0.7329522;0.0073295212;100
13540;0.8344094;0.008344094;100
13550;0.8701564;0.008701564;100
13560;0.8660378;0.008660377;100
13570;0.77636117;0.0077636107;100
13580;0.72647524;0.007264752;100
13590;0.79137826;0.007913782;100
13600;0.8463389;0.008463389;100
13610;0.83461815;0.008346182;100
13620;0.7145715;0.007145714;100
13630;0.7899474;0.007899474;100
13640;0.8194813;0.008194813;100
13650;0.8100163;0.008100161;100
13660;0.6955961;0.00695596;100
13670;0.74261767;0.007426176;100
13680;0.81881815;0.008188182;100
13690;0.8278111;0.008278109;100
13700;0.80081004;0.008008099;100
13710;0.73603964;0.007360395;100
13720;0.8172525;0.008172524;100
13730;0.7634729;0.0076347287;100
13740;0.7946275;0.007946275;100
13750;0.7926599;0.007926598;100
13760;0.7545266;0.0075452654;100
13770;0.7878168;0.0078781685;100
13780;0.78923404;0.00789234;100
13790;0.8014808;0.0080148075;100
13800;0.75435066;0.007543506;100
13810;0.7433658;0.007433658;100
13820;0.78863233;0.007886323;100
13830;0.7955069;0.007955068;100
13840;0.7559076;0.007559075;100
13850;0.7338635;0.007338634;100
13860;0.79704374;0.007970437;100
13870;0.82386273;0.008238628;100
13880;0.7830801;0.0078308005;100
13890;0.7429234;0.0074292333;100
13900;0.7464297;0.0074642967;100
13910;0.8482247;0.008482247;100
13920;0.82283336;0.008228334;100
13930;0.823318;0.00823318;100
13940;0.82997406;0.00829974;100
13950;0.76675063;0.0076675047;100
13960;0.7831855;0.007831855;100
13970;0.7873209;0.007873209;100
13980;0.80976254;0.008097624;100
13990;0.77017534;0.007701753;100
14000;0.7424095;0.007424095;100
14010;0.82316256;0.008231625;100
14020;0.7985475;0.007985475;100
14030;0.9347257;0.009347256;100
14040;0.7417432;0.007417432;100
14050;0.72397983;0.007239798;100
14060;0.81837595;0.008183759;100
14070;0.8131611;0.00813161;100
14080;0.8355325;0.008355324;100
14090;0.73451334;0.007345133;100
14100;0.7309477;0.007309477;100
14110;0.8139539;0.008139538;100
14120;0.83001155;0.008300114;100
14130;0.839362;0.008393618;100
14140;0.7958574;0.007958574;100
14150;0.7776499;0.007776499;100
14160;0.8166498;0.008166498;100
14170;0.81979;0.008197899;100
14180;0.7363386;0.007363386;100
14190;0.7603235;0.0076032346;100
14200;0.78756934;0.007875693;100
14210;0.8352043;0.008352042;100
14220;0.8061192;0.008061192;100
14230;0.77352947;0.0077352948;100
14240;0.7772701;0.0077727;100
14250;0.8138362;0.008138362;100
14260;0.81853116;0.008185311;100
14270;0.8226997;0.008226997;100
14280;0.7833636;0.0078336345;100
14290;0.7841132;0.007841133;100
14300;0.7885007;0.007885007;100
14310;0.8647342;0.008647341;100
14320;0.8150216;0.008150215;100
14330;0.8032481;0.008032481;100
14340;0.824572;0.00824572;100
14350;0.80437255;0.008043725;100
14360;0.8329505;0.008329505;100
14370;0.82359976;0.0082359975;100
14380;0.8400734;0.008400734;100
14390;0.9695222;0.009695221;100
14400;0.75393707;0.00753937;100
14410;0.8307281;0.00830728;100
14420;0.86697114;0.008669711;100
14430;0.83873284;0.008387328;100
14440;0.8276311;0.008276311;100
14450;0.8422002;0.008422001;100
14460;0.9286459;0.009286459;100
14470;0.8271757;0.0082717575;100
14480;0.82314855;0.008231485;100
14490;0.83231306;0.008323129;100
14500;0.77526116;0.0077526113;100
14510;0.80559117;0.008055911;100
14520;0.8614547;0.008614547;100
14530;0.8347482;0.0083474815;100
14540;0.8682348;0.008682347;100
14550;0.845206;0.00845206;100
14560;0.7875296;0.007875296;100
14570;0.84641707;0.008464171;100
14580;0.8361933;0.008361932;100
14590;0.86473924;0.0086473925;100
14600;0.7998906;0.007998905;100
14610;0.7501435;0.007501435;100
14620;0.8087628;0.0080876285;100
14630;0.8437709;0.008437709;100
14640;0.80929804;0.008092981;100
14650;0.7779122;0.007779121;100
14660;0.75754696;0.007575469;100
14670;0.75829786;0.007582978;100
14680;0.83839387;0.008383938;100
14690;0.8172176;0.008172177;100
14700;0.8482557;0.008482558;100
14710;0.7697553;0.0076975534;100
14720;0.77981967;0.007798196;100
14730;0.8425731;0.00842573;100
14740;0.8008667;0.008008667;100
14750;0.82920057;0.0082920045;100
14760;0.8258523;0.0082585225;100
14770;0.7863329;0.007863328;100
14780;0.8072709;0.008072708;100
14790;0.88382435;0.008838242;100
14800;0.86983037;0.008698304;100
14810;0.89926004;0.0089926;100
14820;0.85412663;0.008541266;100
14830;0.881839;0.00881839;100
14840;0.7753983;0.007753983;100
14850;0.8870479;0.008870479;100
14860;0.9009407;0.009009407;100
14870;0.9452341;0.009452341;100
14880;0.8735765;0.008735766;100
14890;0.8275718;0.0082757175;100
14900;0.80043393;0.008004339;100
14910;0.8756356;0.008756356;100
14920;0.9051474;0.009051473;100
14930;0.85589755;0.0085589755;100
14940;0.83197796;0.008319779;100
14950;0.82630575;0.008263057;100
14960;0.83059704;0.008305971;100
14970;0.8858282;0.008858281;100
14980;0.9688525;0.009688525;100
14990;0.841086;0.008410859;100
